{"name":"95745664-9405-4164-a8ab-a1c197fb9b56","id":"/providers/Microsoft.Flow/flows/95745664-9405-4164-a8ab-a1c197fb9b56","type":"Microsoft.Flow/flows","properties":{"apiId":"/providers/Microsoft.PowerApps/apis/shared_logicflows","displayName":"Get Unique Permissions from a SharePoint Site","definition":{"metadata":{"workflowEntityId":null,"creator":{"id":"58e9491d-869d-42cd-a8e9-89248f20d548","type":"User","tenantId":"dc9b6a6e-1815-4682-9be3-73eddbcccf74"},"provisioningMethod":"FromDefinition","failureAlertSubscription":true,"clientLastModifiedTime":"2019-04-15T15:10:11.7818526Z"},"$schema":"https://schema.management.azure.com/providers/Microsoft.Logic/schemas/2016-06-01/workflowdefinition.json#","contentVersion":"1.0.0.0","parameters":{"$connections":{"defaultValue":{},"type":"Object"},"$authentication":{"defaultValue":{},"type":"SecureObject"}},"triggers":{"Recurrence":{"recurrence":{"frequency":"Day","interval":1},"type":"Recurrence"}},"actions":{"Get_Lists_from_SharePoint":{"runAfter":{},"metadata":{"flowSystemMetadata":{"swaggerOperationId":"HttpRequest"}},"type":"ApiConnection","inputs":{"host":{"connection":{"name":"@parameters('$connections')['shared_sharepointonline']['connectionId']"},"api":{"runtimeUrl":"https://europe-002.azure-apim.net/apim/sharepointonline"}},"method":"post","body":{"method":"GET","uri":"_api/Web/Lists?$select=Id,Title,HasUniqueRoleAssignments,FileRef,RoleAssignments/Member/LoginName,RoleAssignments/RoleDefinitionBindings/Name&$expand=RoleAssignments/Member,RoleAssignments/RoleDefinitionBindings&$filter=hidden eq false"},"path":"/datasets/@{encodeURIComponent(encodeURIComponent('https://qoders.sharepoint.com/sites/VoorbeeldApps'))}/httprequest","authentication":"@parameters('$authentication')"}},"Apply_to_each":{"foreach":"@body('Get_Lists_from_SharePoint')['d']['results']","actions":{"Set_Min":{"runAfter":{"Set_Max_ID":["Succeeded"]},"type":"SetVariable","inputs":{"name":"Min","value":0}},"Set_Max":{"runAfter":{"Set_Min":["Succeeded"]},"type":"SetVariable","inputs":{"name":"Max","value":5000}},"Get_Highest_ID_from_List":{"runAfter":{"Set_Max":["Succeeded"]},"metadata":{"flowSystemMetadata":{"swaggerOperationId":"HttpRequest"}},"type":"ApiConnection","inputs":{"host":{"connection":{"name":"@parameters('$connections')['shared_sharepointonline']['connectionId']"},"api":{"runtimeUrl":"https://europe-002.azure-apim.net/apim/sharepointonline"}},"method":"post","body":{"method":"GET","uri":"_api/web/lists(guid'@{items('Apply_to_each')['Id']}')/Items?$top=1&$orderby=ID desc&$select=Id","headers":{"Accept":"application/json;odata=nometadata"}},"path":"/datasets/@{encodeURIComponent(encodeURIComponent('https://qoders.sharepoint.com/sites/VoorbeeldApps'))}/httprequest","authentication":"@parameters('$authentication')"}},"Set_Max_ID":{"runAfter":{},"type":"SetVariable","inputs":{"name":"MaxID","value":0}},"Are_there_items":{"actions":{"Set_Max_ID_to_maximum_ID_in_List":{"runAfter":{},"type":"SetVariable","inputs":{"name":"MaxID","value":"@first(body('Get_Highest_ID_from_List')['value'])['ID']"}},"Do_get_SharePoint_items_until":{"actions":{"Get_Items_from_SharePoint":{"runAfter":{},"metadata":{"flowSystemMetadata":{"swaggerOperationId":"HttpRequest"}},"type":"ApiConnection","inputs":{"host":{"connection":{"name":"@parameters('$connections')['shared_sharepointonline']['connectionId']"},"api":{"runtimeUrl":"https://europe-002.azure-apim.net/apim/sharepointonline"}},"method":"post","body":{"method":"GET","uri":"_api/web/lists(guid'@{items('Apply_to_each')['Id']}')/items?$filter=ID gt @{variables('Min')} and ID lt @{variables('Max')}&$select=Id,HasUniqueRoleAssignments","headers":{"Accept":"application/json;odata=nometadata"}},"path":"/datasets/@{encodeURIComponent(encodeURIComponent('https://qoders.sharepoint.com/sites/VoorbeeldApps'))}/httprequest","authentication":"@parameters('$authentication')"}},"GetItemsWithUniquePermissions":{"runAfter":{"Get_Items_from_SharePoint":["Succeeded"]},"type":"Query","inputs":{"from":"@body('Get_Items_from_SharePoint')['value']","where":"@equals(item()['HasUniqueRoleAssignments'], true)"}},"ForEachItemWithUniquePermissions":{"foreach":"@body('GetItemsWithUniquePermissions')","actions":{"Get_item_with_Unique_Permission_from_SharePoint":{"runAfter":{},"metadata":{"flowSystemMetadata":{"swaggerOperationId":"HttpRequest"}},"type":"ApiConnection","inputs":{"host":{"connection":{"name":"@parameters('$connections')['shared_sharepointonline']['connectionId']"},"api":{"runtimeUrl":"https://europe-002.azure-apim.net/apim/sharepointonline"}},"method":"post","body":{"method":"GET","uri":"_api/web/lists(guid'@{items('Apply_to_each')['Id']}')/Items(@{items('ForEachItemWithUniquePermissions')['Id']})?$select=Id,FileRef,RoleAssignments/Member/LoginName,RoleAssignments/RoleDefinitionBindings/Name&$expand=RoleAssignments/Member,RoleAssignments/RoleDefinitionBindings","headers":{"Accept":"application/json;odata=nometadata"}},"path":"/datasets/@{encodeURIComponent(encodeURIComponent('https://qoders.sharepoint.com/sites/VoorbeeldApps'))}/httprequest","authentication":"@parameters('$authentication')"}},"For_Each_Permission":{"foreach":"@body('Get_item_with_Unique_Permission_from_SharePoint')['RoleAssignments']","actions":{"For_Each_RoleDefinitionBinding":{"foreach":"@items('For_Each_Permission')['RoleDefinitionBindings']","actions":{"Add_ListItem_row_to_a_table":{"runAfter":{},"metadata":{"01ZDK3IGTV4NIFYH5UHFGY6VOGXHGN7MMD":"/Book.xlsx","flowSystemMetadata":{"swaggerOperationId":"AddRowV2"}},"type":"ApiConnection","inputs":{"host":{"connection":{"name":"@parameters('$connections')['shared_excelonlinebusiness']['connectionId']"},"api":{"runtimeUrl":"https://europe-002.azure-apim.net/apim/excelonlinebusiness"}},"method":"post","body":{"Time":"@{utcNow()}","List":"@{items('Apply_to_each')['Title']}","Location":"@{body('Get_item_with_unique_Permission_from_SharePoint')['FileRef']}","Object":"@{items('For_Each_Permission')['Member']['LoginName']}","Permission":"@{items('For_Each_RoleDefinitionBinding')['Name']}"},"path":"/codeless/v1.2/drives/@{encodeURIComponent('b!BhlaxbeAw0OhEY2SizatKaowN8ZUaEpEku7l5ZUtNYABZlw1gTgFTbXmc0ufhZ1j')}/items/@{encodeURIComponent('01ZDK3IGTV4NIFYH5UHFGY6VOGXHGN7MMD')}/workbook/tables/@{encodeURIComponent('{51E6B4F0-594E-4496-A9B1-EAEB79DCA4FC}')}/rows","queries":{"source":"me"},"authentication":"@parameters('$authentication')"}}},"runAfter":{},"type":"Foreach"}},"runAfter":{"Get_item_with_Unique_Permission_from_SharePoint":["Succeeded"]},"type":"Foreach"}},"runAfter":{"GetItemsWithUniquePermissions":["Succeeded"]},"type":"Foreach"},"Increment_Min_with_5000":{"runAfter":{"ForEachItemWithUniquePermissions":["Succeeded"]},"type":"IncrementVariable","inputs":{"name":"Min","value":5000}},"Increment_Max_with_5000":{"runAfter":{"Increment_Min_with_5000":["Succeeded"]},"type":"IncrementVariable","inputs":{"name":"Max","value":5000}}},"runAfter":{"Set_Max_ID_to_maximum_ID_in_List":["Succeeded"]},"expression":"@greater(variables('Min'), variables('MaxID'))","limit":{"count":60,"timeout":"PT1H"},"type":"Until"}},"runAfter":{"Get_Highest_ID_from_List":["Succeeded"]},"expression":{"greater":["@length(body('Get_Highest_ID_from_List')['value'])",0]},"type":"If"}},"runAfter":{"Max":["Succeeded"]},"type":"Foreach"},"Min":{"runAfter":{"Max_ID":["Succeeded"]},"type":"InitializeVariable","inputs":{"variables":[{"name":"Min","type":"Integer","value":0}]}},"Max":{"runAfter":{"Min":["Succeeded"]},"type":"InitializeVariable","inputs":{"variables":[{"name":"Max","type":"Integer","value":5000}]}},"Max_ID":{"runAfter":{"ForEachListWithUniquePermissions":["Succeeded"]},"type":"InitializeVariable","inputs":{"variables":[{"name":"MaxID","type":"Integer","value":0}]}},"GetListsWithUniquePermissions":{"runAfter":{"Get_Lists_from_SharePoint":["Succeeded"]},"type":"Query","inputs":{"from":"@body('Get_Lists_from_SharePoint')['d']['results']","where":"@equals(item()['HasUniqueRoleAssignments'], true)"}},"ForEachListWithUniquePermissions":{"foreach":"@body('GetListsWithUniquePermissions')","actions":{"ListRoleAssignments":{"foreach":"@items('ForEachListWithUniquePermissions')['RoleAssignments']['results']","actions":{"ListRoleDefinitionBindings":{"foreach":"@items('ListRoleAssignments')['RoleDefinitionBindings']['results']","actions":{"Add_a_List_row_to_table":{"runAfter":{},"metadata":{"01ZDK3IGTV4NIFYH5UHFGY6VOGXHGN7MMD":"/Book.xlsx","flowSystemMetadata":{"swaggerOperationId":"AddRowV2"}},"type":"ApiConnection","inputs":{"host":{"connection":{"name":"@parameters('$connections')['shared_excelonlinebusiness']['connectionId']"},"api":{"runtimeUrl":"https://europe-002.azure-apim.net/apim/excelonlinebusiness"}},"method":"post","body":{"Time":"@{utcNow()}","List":"@{items('ForEachListWithUniquePermissions')['Title']}","Location":"@{items('ForEachListWithUniquePermissions')['Title']}","Object":"@{items('ListRoleAssignments')['Member']['LoginName']}","Permission":"@{items('ListRoleDefinitionBindings')['Name']}"},"path":"/codeless/v1.2/drives/@{encodeURIComponent('b!BhlaxbeAw0OhEY2SizatKaowN8ZUaEpEku7l5ZUtNYABZlw1gTgFTbXmc0ufhZ1j')}/items/@{encodeURIComponent('01ZDK3IGTV4NIFYH5UHFGY6VOGXHGN7MMD')}/workbook/tables/@{encodeURIComponent('{51E6B4F0-594E-4496-A9B1-EAEB79DCA4FC}')}/rows","queries":{"source":"me"},"authentication":"@parameters('$authentication')"}}},"runAfter":{},"type":"Foreach"}},"runAfter":{},"type":"Foreach"}},"runAfter":{"GetListsWithUniquePermissions":["Succeeded"]},"type":"Foreach"}},"outputs":{},"description":"This Flow sums up all unique (or broken) permissions in a SharePoint site. You need to specify a SharePoint site and an Excel with a table that contains the following columns: Time, List, Object, Permission."},"connectionReferences":{"shared_sharepointonline":{"connectionName":"1b8c2a9c05234fc898137b91b51327f9","source":"Embedded","id":"/providers/Microsoft.PowerApps/apis/shared_sharepointonline","tier":"NotSpecified"},"shared_excelonlinebusiness":{"connectionName":"shared-excelonlinebu-d0422189-90ef-47c1-a1c1-f6c46cf4e1a6","source":"Embedded","id":"/providers/Microsoft.PowerApps/apis/shared_excelonlinebusiness","tier":"NotSpecified"}},"flowFailureAlertSubscribed":false}}